"Dokument";"Uppladdad";"Kategori";"Fas";"Version";"Ändrad";"Beskrivning";"Skala";"Skapad"
"12.2_Handlingsförteckning.pdf";"2024-12-20";"";"Förfrågningsunderlag (FU)";"1";"";"";"";"2024-12-20"
"A-40-0-100.pdf";"2024-12-20";"";"Förfrågningsunderlag (FU)";"1";"";"";"";"2024-12-20"
"A-40-1-100.pdf";"2024-12-20";"";"Förfrågningsunderlag (FU)";"1";"";"";"";"2024-12-20"
"A-40-1-141.pdf";"2024-12-20";"";"Förfrågningsunderlag (FU)";"1";"";"";"";"2024-12-20"
"A-40-1-142.pdf";"2024-12-20";"";"Förfrågningsunderlag (FU)";"1";"";"";"";"2024-12-20"
"A-40-1-151.pdf";"2024-12-20";"";"Förfrågningsunderlag (FU)";"1";"";"";"";"2024-12-20"
"A-40-1-152 .pdf";"2024-12-20";"";"Förfrågningsunderlag (FU)";"1";"";"";"";"2024-12-20"
"A-40-1-153.pdf";"2024-12-20";"";"Förfrågningsunderlag (FU)";"1";"";"";"";"2024-12-20"
"A-40-1-154.pdf";"2024-12-20";"";"Förfrågningsunderlag (FU)";"1";"";"";"";"2024-12-20"
"A-40-1-200.pdf";"2024-12-20";"";"Förfrågningsunderlag (FU)";"1";"";"";"";"2024-12-20"
"A-40-1-300.pdf";"2024-12-20";"";"Förfrågningsunderlag (FU)";"1";"";"";"";"2024-12-20"
"A-40-2-001.pdf";"2024-12-20";"";"Förfrågningsunderlag (FU)";"1";"";"";"";"2024-12-20"
"A-40-3-001.pdf";"2024-12-20";"";"Förfrågningsunderlag (FU)";"1";"";"";"";"2024-12-20"
"A-41-1-001.pdf";"2024-12-20";"";"Förfrågningsunderlag (FU)";"1";"";"";"";"2024-12-20"
"A-42-4-001.pdf";"2024-12-20";"";"Förfrågningsunderlag (FU)";"1";"";"";"";"2024-12-20"
"A-42-4-002.pdf";"2024-12-20";"";"Förfrågningsunderlag (FU)";"1";"";"";"";"2024-12-20"
"A-42-4-021.pdf";"2024-12-20";"";"Förfrågningsunderlag (FU)";"1";"";"";"";"2024-12-20"
"A-42-6-001.pdf";"2024-12-20";"";"Förfrågningsunderlag (FU)";"1";"";"";"";"2024-12-20"
"A-42-6-002.pdf";"2024-12-20";"";"Förfrågningsunderlag (FU)";"1";"";"";"";"2024-12-20"
"A-42-6-003.pdf";"2024-12-20";"";"Förfrågningsunderlag (FU)";"1";"";"";"";"2024-12-20"
"A-43-1-141.pdf";"2024-12-20";"";"Förfrågningsunderlag (FU)";"1";"";"";"";"2024-12-20"
"A-43-1-142.pdf";"2024-12-20";"";"Förfrågningsunderlag (FU)";"1";"";"";"";"2024-12-20"
"A-43-1-151.pdf";"2024-12-20";"";"Förfrågningsunderlag (FU)";"1";"";"";"";"2024-12-20"
"A-43-1-152.pdf";"2024-12-20";"";"Förfrågningsunderlag (FU)";"1";"";"";"";"2024-12-20"
"A-43-1-153.pdf";"2024-12-20";"";"Förfrågningsunderlag (FU)";"1";"";"";"";"2024-12-20"
"A-43-1-154.pdf";"2024-12-20";"";"Förfrågningsunderlag (FU)";"1";"";"";"";"2024-12-20"
"A-43-4-011.pdf";"2024-12-20";"";"Förfrågningsunderlag (FU)";"1";"";"";"";"2024-12-20"
"A-43-4-012.pdf";"2024-12-20";"";"Förfrågningsunderlag (FU)";"1";"";"";"";"2024-12-20"
"A-43-4-031.pdf";"2024-12-20";"";"Förfrågningsunderlag (FU)";"1";"";"";"";"2024-12-20"
"A-43-4-041.pdf";"2024-12-20";"";"Förfrågningsunderlag (FU)";"1";"";"";"";"2024-12-20"
"A-43-5-001.pdf";"2024-12-20";"";"Förfrågningsunderlag (FU)";"1";"";"";"";"2024-12-20"
"A-43-5-002.pdf";"2024-12-20";"";"Förfrågningsunderlag (FU)";"1";"";"";"";"2024-12-20"
"A-43-6-001.pdf";"2024-12-20";"";"Förfrågningsunderlag (FU)";"1";"";"";"";"2024-12-20"
"A-43-6-002.pdf";"2024-12-20";"";"Förfrågningsunderlag (FU)";"1";"";"";"";"2024-12-20"
"A-43-6-011.pdf";"2024-12-20";"";"Förfrågningsunderlag (FU)";"1";"";"";"";"2024-12-20"
"A-44-1-100.pdf";"2024-12-20";"";"Förfrågningsunderlag (FU)";"1";"";"";"";"2024-12-20"
"A-45-4-001.pdf";"2024-12-20";"";"Förfrågningsunderlag (FU)";"1";"";"";"";"2024-12-20"
"A-45-4-002.pdf";"2024-12-20";"";"Förfrågningsunderlag (FU)";"1";"";"";"";"2024-12-20"
"A-45-4-003.pdf";"2024-12-20";"";"Förfrågningsunderlag (FU)";"1";"";"";"";"2024-12-20"
"A-45-4-004.pdf";"2024-12-20";"";"Förfrågningsunderlag (FU)";"1";"";"";"";"2024-12-20"
"A-45-4-005.pdf";"2024-12-20";"";"Förfrågningsunderlag (FU)";"1";"";"";"";"2024-12-20"
"A-45-4-006.pdf";"2024-12-20";"";"Förfrågningsunderlag (FU)";"1";"";"";"";"2024-12-20"
"A-46-6-001.pdf";"2024-12-20";"";"Förfrågningsunderlag (FU)";"1";"";"";"";"2024-12-20"
"A-46-6-002.pdf";"2024-12-20";"";"Förfrågningsunderlag (FU)";"1";"";"";"";"2024-12-20"
"A-46-6-003.pdf";"2024-12-20";"";"Förfrågningsunderlag (FU)";"1";"";"";"";"2024-12-20"
"A-46-6-004.pdf";"2024-12-20";"";"Förfrågningsunderlag (FU)";"1";"";"";"";"2024-12-20"
"Sammansatt.pdf";"2024-12-20";"";"Förfrågningsunderlag (FU)";"1";"";"";"";"2024-12-20"
