"Dokument";"Uppladdad";"Kategori";"Fas";"Version";"Ändrad";"Beskrivning";"Skapad";"Skala"
"12.6 Ritningsförteckning EL.pdf";"2024-12-20";"";"Förfrågningsunderlag (FU)";"1";"";"";"2024-12-20";""
"E61-1-001.pdf";"2024-12-20";"";"Förfrågningsunderlag (FU)";"1";"";"";"2024-12-20";""
"E-61-1-311.pdf";"2024-12-20";"";"Förfrågningsunderlag (FU)";"1";"";"";"2024-12-20";""
"E-61-1-500.pdf";"2024-12-20";"";"Förfrågningsunderlag (FU)";"1";"";"";"2024-12-20";""
"E-61-1-501.pdf";"2024-12-20";"";"Förfrågningsunderlag (FU)";"1";"";"";"2024-12-20";""
"E-61-1-502.pdf";"2024-12-20";"";"Förfrågningsunderlag (FU)";"1";"";"";"2024-12-20";""
"E-61-1-503.pdf";"2024-12-20";"";"Förfrågningsunderlag (FU)";"1";"";"";"2024-12-20";""
"E-61-1-504.pdf";"2024-12-20";"";"Förfrågningsunderlag (FU)";"1";"";"";"2024-12-20";""
"E-61-1-511.pdf";"2024-12-20";"";"Förfrågningsunderlag (FU)";"1";"";"";"2024-12-20";""
"E-61-1-512.pdf";"2024-12-20";"";"Förfrågningsunderlag (FU)";"1";"";"";"2024-12-20";""
"E-61-1-513.pdf";"2024-12-20";"";"Förfrågningsunderlag (FU)";"1";"";"";"2024-12-20";""
"E-61-1-514.pdf";"2024-12-20";"";"Förfrågningsunderlag (FU)";"1";"";"";"2024-12-20";""
"E-61-1-521.pdf";"2024-12-20";"";"Förfrågningsunderlag (FU)";"1";"";"";"2024-12-20";""
"E-63-1-001.pdf";"2024-12-20";"";"Förfrågningsunderlag (FU)";"1";"";"";"2024-12-20";""
"E-63BC-1-311.pdf";"2024-12-20";"";"Förfrågningsunderlag (FU)";"1";"";"";"2024-12-20";""
"E-63BC-1-312.pdf";"2024-12-20";"";"Förfrågningsunderlag (FU)";"1";"";"";"2024-12-20";""
"E-63BC-1-511.pdf";"2024-12-20";"";"Förfrågningsunderlag (FU)";"1";"";"";"2024-12-20";""
"E-63BC-1-512.pdf";"2024-12-20";"";"Förfrågningsunderlag (FU)";"1";"";"";"2024-12-20";""
"E-63BC-1-513.pdf";"2024-12-20";"";"Förfrågningsunderlag (FU)";"1";"";"";"2024-12-20";""
"E-63BC-1-514.pdf";"2024-12-20";"";"Förfrågningsunderlag (FU)";"1";"";"";"2024-12-20";""
"E-63BC-1-521.pdf";"2024-12-20";"";"Förfrågningsunderlag (FU)";"1";"";"";"2024-12-20";""
"E-63BC-8-001.pdf";"2024-12-20";"";"Förfrågningsunderlag (FU)";"1";"";"";"2024-12-20";""
"E-63F-1-511.pdf";"2024-12-20";"";"Förfrågningsunderlag (FU)";"1";"";"";"2024-12-20";""
"E-63F-1-512.pdf";"2024-12-20";"";"Förfrågningsunderlag (FU)";"1";"";"";"2024-12-20";""
"E-63F-1-513.pdf";"2024-12-20";"";"Förfrågningsunderlag (FU)";"1";"";"";"2024-12-20";""
"E-63F-1-514.pdf";"2024-12-20";"";"Förfrågningsunderlag (FU)";"1";"";"";"2024-12-20";""
"E-63F-1-521.pdf";"2024-12-20";"";"Förfrågningsunderlag (FU)";"1";"";"";"2024-12-20";""
"E-64CBB-1-511.pdf";"2024-12-20";"";"Förfrågningsunderlag (FU)";"1";"";"";"2024-12-20";""
"E-64CBB-1-512.pdf";"2024-12-20";"";"Förfrågningsunderlag (FU)";"1";"";"";"2024-12-20";""
"E-64CBB-1-513.pdf";"2024-12-20";"";"Förfrågningsunderlag (FU)";"1";"";"";"2024-12-20";""
"E-64CBB-1-514.pdf";"2024-12-20";"";"Förfrågningsunderlag (FU)";"1";"";"";"2024-12-20";""
"E-64CBB-1-521.pdf";"2024-12-20";"";"Förfrågningsunderlag (FU)";"1";"";"";"2024-12-20";""
"E-64CCB-1-311.pdf";"2024-12-20";"";"Förfrågningsunderlag (FU)";"1";"";"";"2024-12-20";""
"E-64CCB-1-511.pdf";"2024-12-20";"";"Förfrågningsunderlag (FU)";"1";"";"";"2024-12-20";""
"E-64CCB-1-512.pdf";"2024-12-20";"";"Förfrågningsunderlag (FU)";"1";"";"";"2024-12-20";""
"E-64CCB-1-513.pdf";"2024-12-20";"";"Förfrågningsunderlag (FU)";"1";"";"";"2024-12-20";""
"E-64CCB-1-514.pdf";"2024-12-20";"";"Förfrågningsunderlag (FU)";"1";"";"";"2024-12-20";""
"E-64CCB-1-521.pdf";"2024-12-20";"";"Förfrågningsunderlag (FU)";"1";"";"";"2024-12-20";""
"E-64ED-1-311.pdf";"2024-12-20";"";"Förfrågningsunderlag (FU)";"1";"";"";"2024-12-20";""
"E-64ED-1-511.pdf";"2024-12-20";"";"Förfrågningsunderlag (FU)";"1";"";"";"2024-12-20";""
"E-64ED-1-512.pdf";"2024-12-20";"";"Förfrågningsunderlag (FU)";"1";"";"";"2024-12-20";""
"E-64ED-1-513.pdf";"2024-12-20";"";"Förfrågningsunderlag (FU)";"1";"";"";"2024-12-20";""
"E-64ED-1-514.pdf";"2024-12-20";"";"Förfrågningsunderlag (FU)";"1";"";"";"2024-12-20";""
"E-64ED-1-521.pdf";"2024-12-20";"";"Förfrågningsunderlag (FU)";"1";"";"";"2024-12-20";""
"E-81-1-511.pdf";"2024-12-20";"";"Förfrågningsunderlag (FU)";"1";"";"";"2024-12-20";""
"E-81-1-512.pdf";"2024-12-20";"";"Förfrågningsunderlag (FU)";"1";"";"";"2024-12-20";""
"E-81-1-513.pdf";"2024-12-20";"";"Förfrågningsunderlag (FU)";"1";"";"";"2024-12-20";""
"E-81-1-514.pdf";"2024-12-20";"";"Förfrågningsunderlag (FU)";"1";"";"";"2024-12-20";""
"E-81-1-521.pdf";"2024-12-20";"";"Förfrågningsunderlag (FU)";"1";"";"";"2024-12-20";""
